p.id,p.title,p.year,p.venue,p.venuetype,p.keyword,p.url,p.geo,p.notes,f.cat0,f.cat1,f.cat2,f.uc0,f.uc1,f.user,d.source,d.vgi,d.official,d.reference,a.type,a.collec,a.prep1,a.prep2,a.prep3,a.analysis1,a.analysis2,a.analysis3,a.viz,a.tool
p03,A demographic analysis of online sentiment during hurricane Irene,2012,Workshop on Language in Social Media,conference,,http://dl.acm.org/citation.cfm?id=2390378,weak,,data-centric,data preparation,topic classification,natural harzards,2011 Irene hurricane,public agencies,Twitter,,yes,demographic data,exploratory,api,Inferring gender user (matching againsts Census most polular names) and location (state level manualy),,,,,,,no
p03,A demographic analysis of online sentiment during hurricane Irene,2012,Workshop on Language in Social Media,conference,,http://dl.acm.org/citation.cfm?id=2390378,weak,,human-centric,human perception,level of concerns,natural harzards,2011 Irene hurricane,public agencies,Twitter,,yes,demographic data,exploratory,api,,,,,Sentiment classifier (bag-of-word model),,,no
p06,Improved Response to Disasters and Outbreaks by Tracking Population Movements with Mobile Phone Network Data: A Post-Earthquake Geospatial Study in Haiti,2011,Plos Medicine,journal,,http://www.plosmedicine.org/article/info%3Adoi%2F10.1371%2Fjournal.pmed.1001083,weak,,human-centric,human mobility,population flows,natural harzards,2012 Haiti earthquake,emergency managers,GPS data from mobile phone,user position,no,,exploratory,traces and stores geographic position for each mobile phone caller,,,,,,,basic mapping,no
p07,Location Extraction From Disaster-Related Microblogs,2013,International conference on World Wide Web companion,conference,location extraction; named entity recognition; social media mining,http://www2013.org/companion/p1017.pdf,strong,Location-aware NER tools assessment,data-centric,data preparation,location selection,natural harzards,natural disaster events,NA,Twitter,,no,,exploratory,api,,"Named Entity Recognition (location, POI)",,,,,,no
p11,Rapid Aerial Mapping with Multiple Heterogeneous Unmanned Vehicles,2013,International ISCRAM Conference,conference,"crisis management; aerial situation image; unmanned aerial vehicles; complete coverage path planning 
",http://www.iscramlive.org/ISCRAM2013/files/211.pdf,strong,Partitioning method for efficient area coverage,application-centric,crisis management (recovery and response),collective damage assessment,natural harzards,natural disaster events,response agencies,Unmaned  aerial vehicles,,no,,exploratory,,,,,,,Partition of the area into pieces proportional to the capabilities of UAVs to generate flights pla,,no
p12,Social Web in Disaster Archives,2012,Workshop on Social Web for Disaster Management (WWW),conference,social web; disaster management; digital archives,http://www2012.org/proceedings/companion/p715.pdf,weak,,data-centric,data preservation,curation,natural harzards,2011 Japan Earthquake,researchers,Social web sites,,no,,methodological,,,,,,,,,no
p13,Text vs. Images: On the Viability of Social Media to Assess Earthquake Damage,2013,International conference on World Wide Web companion,conference,social media; damage assessment; attenuation pattern,http://www2013.org/companion/p1003.pdf,weak,,application-centric,crisis management (monitoring),variables estimation,natural harzards,2011 Tohoku Japan earthquake; 2011 New Zealand Christchurch earthquake,response agencies,Twitter,text-only tweets and media-containing tweets,no,,exploratory,api,,,,,,tweet density per grid cell plus circular buffer for computing intensity attenuation ,,no
p14,Twitter in mass emergency: what NLP techniques can contribute,2010,Workshop on Computational Linguistics in a World of Social Media,conference,,http://dl.acm.org/citation.cfm?id=1860679,weak,,data-centric,data preparation,topic selection,natural harzards,natural disaster events,NA,Twitter,,no,,exploratory,,,Named Entity Recognition; information extraction,,,,,,no
p15,Verifying Crowdsourced Social Media Reports for Live Crisis Mapping: An Introduction to Information Forensics,2011,NA,technical report,crowdsourcing; crisis mapping; verification; social media,http://irevolution.files.wordpress.com/2011/11/meier-verifying-crowdsourced-data-case-studies.pdf,weak,,data-centric,data assessment,collective data assessment,man-made events,violence events,NA,Twitter,,no,,descriptive,,,,,,,Description of live crisis mapping technologies,,no
p16,Dynamic adaptive disaster simulation: developing a predictive model of emergency behavior using cell phone and GIS data,2011,Symposium on Agent-Directed Simulations,conference,gis; agent-based; emergency response; cell phone,http://www3.nd.edu/~dddas/Papers/ResearchPaperFrancisChen.pdf,strong,,human-centric,human mobility,mobility patterns,natural harzards,crisis events,emergency managers,Synthetic cell phone data ,user position,no,,predictive,,,,,,,Predicting movements by computing Manhattan distance,geovisual analytics,no
p17,Social Media Text Mining and Network Analysis for Decision Support in Natural Crisis Management,2013,International ISCRAM Conference,conference,decision support; social media; text mining; web mining; link analysis; VGI; location extraction,http://www.iscramlive.org/ISCRAM2013/files/228.pdf,medium,,data-centric,data preparation,topic classification,natural harzards,2012 Tsunami Philippine; 2012 Hurricane Sandy,emergency managers,Twitter,,no,,exploratory,API enriched with most popular keywords,,multiligual classifiers,,,,,,no
p17,Social Media Text Mining and Network Analysis for Decision Support in Natural Crisis Management,2013,International ISCRAM Conference,conference,decision support; social media; text mining; web mining; link analysis; VGI; location extraction,http://www.iscramlive.org/ISCRAM2013/files/228.pdf,medium,,data-centric,data preparation,location selection,natural harzards,2012 Tsunami Philippine; 2012 Hurricane Sandy,emergency managers,Twitter,,no,,exploratory,API enriched with most popular keywords,,,geo-parsing,,,,,no
p17,Social Media Text Mining and Network Analysis for Decision Support in Natural Crisis Management,2013,International ISCRAM Conference,conference,decision support; social media; text mining; web mining; link analysis; VGI; location extraction,http://www.iscramlive.org/ISCRAM2013/files/228.pdf,medium,,application-centric,crisis management (monitoring),event-relevant extraction,natural harzards,2012 Tsunami Philippine; 2012 Hurricane Sandy,emergency managers,Twitter,,no,,exploratory,API enriched with most popular keywords,,,,"Trustworthiness SNA (indegree, outdegree, betweness)",,,,no
p18,Spatial video data collection in a post-disaster landscape: The Tuscaloosa Tornado of April 27th 2011,2012,Applied Geography,journal,gis; spatial video; disasters; recovery; tornado,http://www.sciencedirect.com/science/article/pii/S0143622811001184,weak,,application-centric,crisis management (recovery and response),collective damage assessment,natural harzards,2011 Tuscaloosa Tornado,response agencies,Spatial video,,no,,descriptive,,,,,,,gis tools,,no
p19,Using Service-Based GIS to Support Earthquake Research and Disaster Response,2012,Computing in Science and Engineering,journal,gis; cloud computing; earthquake; scientific computing; service-oriented architecture,http://ieeexplore.ieee.org/stamp/stamp.jsp?tp=&arnumber=6193083,strong,SOA-based OGC services framework,application-centric,crisis management (recovery and response),collective damage assessment,natural harzards,Earthquake events,response agencies,Unmaned  aerial vehicles,UVASAR images,yes,GPS; seismicity; geometric fault models; UVA Synthetic Aperture Radar (UAVSAR); InSAR images,exploratory,,,,,,,OGC services; online GIS tools for image analysis,,yes
p19,Using Service-Based GIS to Support Earthquake Research and Disaster Response,2012,Computing in Science and Engineering,journal,gis; cloud computing; earthquake; scientific computing; service-oriented architecture,http://ieeexplore.ieee.org/stamp/stamp.jsp?tp=&arnumber=6193083,strong,SOA-based OGC services framework,data-centric,data quality,comparison with official data,natural harzards,Earthquake events,response agencies,Unmaned  aerial vehicles,UVASAR images,yes,GPS; seismicity; geometric fault models; UVA Synthetic Aperture Radar (UAVSAR); InSAR images,exploratory,,,,,,,,,yes
p21,CrisisTracker: Crowdsourced Social Media Curation for Disaster Awareness,2013,IBM Journal of Research and Development,journal,,http://hci.uma.pt/~jakob/files/Rogstadius_2013_CrisisTracker_Crowdsourced_Social_Media_Curation_for_Disaster_Awareness.pdf,weak,,data-centric,data preparation,topic selection,man-made events,2012 Syrian civil war,decision makers,Twitter,,no,,exploratory,api,people annotate and curate rapid stream of tweets to form stories (crowd curation),,,,,,,yes
p21,CrisisTracker: Crowdsourced Social Media Curation for Disaster Awareness,2013,IBM Journal of Research and Development,journal,,http://hci.uma.pt/~jakob/files/Rogstadius_2013_CrisisTracker_Crowdsourced_Social_Media_Curation_for_Disaster_Awareness.pdf,weak,,data-centric,data contextualization,situational awareness,man-made events,2012 Syrian civil war,decision makers,Twitter,,no,,exploratory,api,,word frequency (classifiers); story detection (clustering),,,,,,yes
p21,CrisisTracker: Crowdsourced Social Media Curation for Disaster Awareness,2013,IBM Journal of Research and Development,journal,,http://hci.uma.pt/~jakob/files/Rogstadius_2013_CrisisTracker_Crowdsourced_Social_Media_Curation_for_Disaster_Awareness.pdf,weak,,application-centric,crisis management (monitoring),event-relevant extraction,man-made events,2012 Syrian civil war,decision makers,Twitter,,no,,exploratory,api,,,,,,,,yes
p22,Crowdsourcing Linked Open Data for Disaster Management,2011,"Terra Cognita Workshop on Foundations, Technologies and Applications of the Geospatial Web",conference,,http://iswc2011.semanticweb.org/fileadmin/iswc/Papers/Workshops/Terra/paper2.pdf,medium,,data-centric,data contextualization,linked data,natural harzards,2012 Haiti earthquake,humanitarian agencies,Usahidi platform,Usahidi text messages,no,,methodological,,people process unstructured observations into structured RDF-triples,,,,,,a facet-based browsing and map visualizations (SIMILE),no
p22,Crowdsourcing Linked Open Data for Disaster Management,2011,"Terra Cognita Workshop on Foundations, Technologies and Applications of the Geospatial Web",conference,,http://iswc2011.semanticweb.org/fileadmin/iswc/Papers/Workshops/Terra/paper2.pdf,medium,,data-centric,data assessment,user-driven data assessment,natural harzards,2012 Haiti earthquake,humanitarian agencies,Usahidi platform,Usahidi text messages,no,,methodological,,people process unstructured observations into structured RDF-triples,,,,,,,no
p23,Crowdsourcing earthquake damage assessment using remote sensing imagery,2011,Annals of Geophysics,journal,surveys; measurements and monitoring; instruments and techniques; seismic risk; seismology; data dissemination generation,http://www.annalsofgeophysics.eu/index.php/annals/article/view/5324,weak,,data-centric,data assessment,collective data assessment,natural harzards,2008 China Wenchuan earthquake,experts and non-expert people ,NA,,yes,remote-sensing data from DigitalGlobe and Geoeye,methodological,,people compare before-and-after high-resolution satellite images to assess building damage ,,,,,Web mapping tool for collaborative damage assessment,,no
p23,Crowdsourcing earthquake damage assessment using remote sensing imagery,2011,Annals of Geophysics,journal,surveys; measurements and monitoring; instruments and techniques; seismic risk; seismology; data dissemination generation,http://www.annalsofgeophysics.eu/index.php/annals/article/view/5324,weak,,application-centric,crisis management (recovery and response),collective damage assessment,natural harzards,2008 China Wenchuan earthquake,experts and non-expert people ,NA,,yes,remote-sensing data from DigitalGlobe and Geoeye,methodological,,people compare before-and-after high-resolution satellite images to assess building damage ,,,,,Web mapping tool for collaborative damage assessment,,no
p25,Earthquake Twitter,2010,Nature Geosciences,journal,,http://www.nature.com/ngeo/journal/v3/n4/full/ngeo832.html,strong,it is a short commentary,application-centric,crisis management (detection and prediction),variables estimation,natural harzards,earthquake events,geologists,Twitter,,no,,exploratory,,,,,,,web mapping  (ShakeMap),,yes
p26,Information Verification during Natural Disasters,2013,Workshop on Social Web for Disaster Management (WWW),conference,crowdsourcing; data verification,http://irevolution.files.wordpress.com/2011/07/verily-swdmwww13.pdf,weak,,data-centric,data assessment,user-driven data assessment,natural harzards,natural disaster events,humanitarian organizations; journalists; decision makers,Twitter,,no,,exploratory,,people engagement  (gamification) via recursive incentive mechanism to verify information,,,,,,basic mapping,no
p28,A Sensitive Twitter Earthquake Detector,2013,International conference on World Wide Web companion,conference,crisis coordination; disaster management; situation awareness; social media,http://www2013.org/companion/p999.pdf,strong, GeoSpread indicator and SNA struture can be used as effective indicators for earthquake alerting ,application-centric,crisis management (detection and prediction),variables estimation,natural harzards,earthquake events,emergency managers,Twitter,,no,,predictive,api,,,,,geoSpread measure; SNA structure (retweet percentage),geo-spread  process to calculate quake intensity,basic mapping,yes
p31,Automatic Identification of Crisis-Related Sub-events Using Clustering,2012,International conference on Machine Learning and Applications,conference,clustering; crisis management; sub-event detection,http://ieeexplore.ieee.org/stamp/stamp.jsp?tp=&arnumber=6406815,medium,,data-centric,data preparation,topic classification,natural harzards and man-made events,natural disasters; protests events (riots),decision makers,Flickr; YouTube,geo-coded figures and videos,no,,exploratory,,,Word frequency; clustering based on cosine distance measure,,,,,basic mapping of clusters on OSM base layers,no
p31,Automatic Identification of Crisis-Related Sub-events Using Clustering,2012,International conference on Machine Learning and Applications,conference,clustering; crisis management; sub-event detection,http://ieeexplore.ieee.org/stamp/stamp.jsp?tp=&arnumber=6406815,medium,,data-centric,data preparation,location selection and classification,natural harzards and man-made events,natural disasters; protests events (riots),decision makers,Flickr; YouTube,geo-coded figures and videos,no,,exploratory,,,,clustering based on geo-referenced centroid with Self-Organizing Maps ,,,,basic mapping of clusters on OSM base layers,no
p32,Comparing Web Feeds and Tweets for Emergency Management,2013,International conference on World Wide Web companion,conference,disaster management; situation awareness; social media,http://www2013.org/companion/p1007.pdf,weak,it gathers data from a range of sources,data-centric,data quality,actionable information,man-made events,fire events,emergency managers,Twitter,get processed Twitter data via ESA platform (http://esa.csiro.au),yes,"authorised web feeds (GML, JSON, GeoJSON, KML)",descriptive,ESA platform,,,,,,,hotspots mapping,no
p33,Crisis Information Management in the Web 3.0 Age,2012,International ISCRAM Conference,conference,emergency management; linked open data; social media; participatory sensing; crowdsourcing ,http://www.iscramlive.org/ISCRAM2012/proceedings/160.pdf,weak,,data-centric,data contextualization,semantic annotation,natural harzards,natural disasters,NA,NA,,no,,exploratory,IncidentReporter mobile app,people classify and annotate semantically and enrich links ,,,,,,,no
p38,Harvesting Geospatial Knowledge from Social Metadata,2010,International ISCRAM Conference,conference,geospatial metadata; ontology; geo-ontology; social annotation; social web; geotagging,http://www.iscram.org/ISCRAM2010/Papers/150-Intagorn_etal.pdf,strong,,data-centric,data preparation,location selection and classification,NA,NA,NA,Flickr,image metadata,yes,GeoName ontology,exploratory,,,,Feature extraction (placename); place disambiguation; clustering,,,,basic mapping,no
p38,Harvesting Geospatial Knowledge from Social Metadata,2010,International ISCRAM Conference,conference,geospatial metadata; ontology; geo-ontology; social annotation; social web; geotagging,http://www.iscram.org/ISCRAM2010/Papers/150-Intagorn_etal.pdf,strong,,data-centric,data contextualization,reasoning on location,NA,NA,NA,Flickr,image metadata,yes,GeoName ontology,exploratory,,,,,,,geospatial subsumption (convex hull) to reason about places ,basic mapping,no
p40,Location Inference using Microblogging Messages,2012,Workshop on Social Web for Disaster Management (WWW),conference,microblog; geolocation estimation; text analysis ,http://www2012.wwwconference.org/proceedings/companion/p687.pdf,strong,,data-centric,data preparation,location selection and classification,man-made events,crisis events,response agencies,Twitter,text-only tweets without geo-tags but generated by Foursquare,no,,exploratory,api,,,Location Name Recognition (specialised NER),,,,,no
p40,Location Inference using Microblogging Messages,2012,Workshop on Social Web for Disaster Management (WWW),conference,microblog; geolocation estimation; text analysis ,http://www2012.wwwconference.org/proceedings/companion/p687.pdf,strong,,data-centric,data contextualization,reasoning on location,man-made events,crisis events,response agencies,Twitter,text-only tweets without geo-tags but generated by Foursquare,no,,exploratory,api,,,,,,Location extraction and inferring based on user's past messages ,,no
p41,Location-Based Insights from the Social Web,2013,International conference on World Wide Web companion,conference,microblog; geolocation estimation; text analysis ,http://www2013.org/companion/p1013.pdf,strong,,data-centric,data preparation,location classification,man-made events,crisis events,response agencies,Twitter,text-only tweets without geo-tags but generated by Foursquare,no,,exploratory,api,,,Location Name Recognition (specialised NER),,,,,yes
p41,Location-Based Insights from the Social Web,2013,International conference on World Wide Web companion,conference,microblog; geolocation estimation; text analysis ,http://www2013.org/companion/p1013.pdf,strong,CrisisTracker tool,data-centric,data contextualization,reasoning on location,man-made events,crisis events,response agencies,Twitter,text-only tweets without geo-tags but generated by Foursquare,no,,exploratory,api,,,,,,Location extraction and inferring based on user's past messages ,,yes
p42,Mining Conversations of Geographically Changing Users,2012,Workshop on Social Web for Disaster Management (WWW),conference,geographic conversations,http://www2012.org/proceedings/companion/p667.pdf,weak,,human-centric,human activities,daily life activities habits,man-made events,crisis events,response agencies,Twitter,,no,,exploratory,api,,,,,,geographic clustering (quadtree); location transition,,no
p43,SensePlace2: GeoTwitter analytics support for situational awareness,2011,International conference on Visual Analytics Science and Technology,conference,crisis management; geovisualization; scenario-based design; situational awareness; social media analytics; spatio-temporal analysis; text analytics,http://ieeexplore.ieee.org/stamp/stamp.jsp?tp=&arnumber=6102456,strong, geographically-grounded situational awareness; survey on current uses of social media,data-centric,data preparation,topic selection and classification,man-made events,crisis events,response agencies,Twitter,,no,,exploratory,api,,"Named Entity Recognition (people, organizations, etc)",,,,,visual geographic-temporal-thematic overview,yes
p43,SensePlace2: GeoTwitter analytics support for situational awareness,2011,International conference on Visual Analytics Science and Technology,conference,crisis management; geovisualization; scenario-based design; situational awareness; social media analytics; spatio-temporal analysis; text analytics,http://ieeexplore.ieee.org/stamp/stamp.jsp?tp=&arnumber=6102456,strong, geographically-grounded situational awareness; survey on current uses of social media,data-centric,data preparation,geo-parsing,man-made events,crisis events,response agencies,Twitter,,no,,exploratory,api,,,"Named Entity Recognition (place names, time) +  geo-coding (Geonames)",,,,visual geographic-temporal-thematic overview,yes
p43,SensePlace2: GeoTwitter analytics support for situational awareness,2011,International conference on Visual Analytics Science and Technology,conference,crisis management; geovisualization; scenario-based design; situational awareness; social media analytics; spatio-temporal analysis; text analytics,http://ieeexplore.ieee.org/stamp/stamp.jsp?tp=&arnumber=6102456,strong, geographically-grounded situational awareness; survey on current uses of social media,data-centric,data contextualization,situational awareness,man-made events,crisis events,response agencies,Twitter,,no,,exploratory,api,,,,,,geo analysis; density surface maps (heatmaps),visual geographic-temporal-thematic overview,yes
p44,Social Media Data Mining: A Social Network Analysis Of Tweets During The 2010-2011 Australian Floods,2011,Pacific Asia conference on Information Systems,conference,social network analysis; text mining; social media; mass emergencies,http://alpha.nyit.edu/som/faculty/khoo/Spring2012/MIST760/Others/2011%20Social%20Media%20Data%20Mining-%20A%20Social%20Network%20Analysis%20Of%20Tweets%20During%20Aus%20Floods_ProcPACIS.pdf,weak,,human-centric,human relations,community formation,natural harzards,2010-2011 Australian floods,NA,Twitter,,no,,exploratory,api,,,,,"communities detection; centrality (key players); SNA structure properties (degree, closeness, eigenvector); user-resource network",,,no
p47,Top Health Trends: An information visualization tool for awareness of local health trends,2013,International ISCRAM Conference,conference,information visualization; health trends detection; situation awareness; social networking; decision aids,http://www.iscramlive.org/ISCRAM2013/files/185.pdf,weak,,data-centric,data preparation,topic selection and classification,man-made events,disease outbreaks,public health agencies,Twitter,,no,,descriptive,api,,topic detection (illnesses),,,,,basic mapping,no
p47,Top Health Trends: An information visualization tool for awareness of local health trends,2013,International ISCRAM Conference,conference,information visualization; health trends detection; situation awareness; social networking; decision aids,http://www.iscramlive.org/ISCRAM2013/files/185.pdf,weak,,application-centric,crisis management (health),health trends detection,man-made events,disease outbreaks,public health agencies,Twitter,,no,,descriptive,api,,topic detection (illnesses),,,,,basic mapping,no
p49,Twitcident: Fighting Fire with Information from Social Web Streams,2012,International conference on World Wide Web companion,conference,social web streams; filtering; faceted search; semantics,http://fabianabel.de/papers/2012-wis-www-twitcident.pdf,weak,,data-centric,data contextualization,semantic annotation,man-made events,fire events,NA,Twitter,,no,,exploratory,api,,classification and semantic profiling; linkage to external resources,,,,,,no
p50,"Twitris v3: From Citizen Sensing to Analysis, Coordination and Action",2013,International conference on Weblogs and Social Media,conference,,http://knoesis.org/resources/library-resources/files/download/icwsm2013-PUROHIT.pdf,weak,,data-centric,data preparation,topic selection and classification,natural harzards and man-made events,natural disasters; protests events (riots),NA,Twitter,,no,,exploratory,api,,topic detection,,,,Spatio-temporal-theme view,,yes
p50,"Twitris v3: From Citizen Sensing to Analysis, Coordination and Action",2013,International conference on Weblogs and Social Media,conference,,http://knoesis.org/resources/library-resources/files/download/icwsm2013-PUROHIT.pdf,weak,,data-centric,data contextualization,situational awareness,natural harzards and man-made events,natural disasters; protests events (riots),NA,Twitter,,no,,exploratory,api,,,,,SNA structure; centrality (key players),Spatio-temporal-theme view,,yes
p50,"Twitris v3: From Citizen Sensing to Analysis, Coordination and Action",2013,International conference on Weblogs and Social Media,conference,,http://knoesis.org/resources/library-resources/files/download/icwsm2013-PUROHIT.pdf,weak,,human-centric,human behaviour,emotional response,natural harzards and man-made events,natural disasters; protests events (riots),NA,Twitter,,no,,exploratory,api,,,,,sentiment analysis,Spatio-temporal-theme view,,yes
p51,A New Geospatial Services Framework: How Disaster Preparedness Efforts Should Integrate Neogeography,2012,"Journal of Map & Geography Libraries: Advances in Geospatial Information, Collections & Archives",journal,urban planning; disaster preparedness; neogeography; participatory planning; local government,http://www.tandfonline.com/doi/full/10.1080/15420353.2012.670084#.U7ufcvl_tUU,weak,,data-centric,data policies,access,natural harzards and man-made events,natural disasters; protests events (riots),response agencies,Mutiple social media sources ,,no,,descriptive,,,,,,,,basic mapping,no
p52,Evaluating the geographical awareness of individuals: an exploratory analysis of twitter data,2013,Cartography and Geographic Information Science,journal,social media; geographic awareness profiles; NLP; geographic scales,http://www.tandfonline.com/doi/pdf/10.1080/15230406.2013.776212,strong,,data-centric,data preparation,geo-parsing,NA,NA,NA,Twitter,,no,,exploratory,api,,,"Named Entity Recognition (place names, time) +  geo-coding ",,,,basic mapping,no
p52,Evaluating the geographical awareness of individuals: an exploratory analysis of twitter data,2013,Cartography and Geographic Information Science,journal,social media; geographic awareness profiles; NLP; geographic scales,http://www.tandfonline.com/doi/pdf/10.1080/15230406.2013.776212,strong,,human-centric,human (spatial) perceptions,learning on places,NA,NA,NA,Twitter,,no,,exploratory,api,,,,,,geographical awareness profile,basic mapping,no
p53,Demarcating new boundaries: mapping virtual polycentric communities through social media content,2013,Cartography and Geographic Information Science,journal,social media; Twitter; community detection; community mapping; statehood; Syria,http://css.gmu.edu/andrew/pubs/CaGIS.pdf,weak,,data-centric,data preparation,location selection and classification,man-made events,geo-political scenario in Syria,geopolitics,Twitter,,no,,exploratory,api,,,word frequency,,,,basic mapping,no
p53,Demarcating new boundaries: mapping virtual polycentric communities through social media content,2013,Cartography and Geographic Information Science,journal,social media; Twitter; community detection; community mapping; statehood; Syria,http://css.gmu.edu/andrew/pubs/CaGIS.pdf,weak,,human-centric,human relations,community formation,man-made events,geo-political scenario in Syria,geopolitics,Twitter,,no,,exploratory,api,,,,,,density surface maps (heatmaps),basic mapping,no
p55,Probing crowd density through smartphones in city-scale mass gatherings,2013,EPJ Data Science,journal,crowd sensing; pedestrian behavior; crowd density estimation; participatory sensing; smartphone,http://www.epjdatascience.com/content/2/1/5,weak,but it is a sound analysis,human-centric,human mobility,population flows,man-made events,crowded events,NA,GPS data from mobile phone,user position,no,,inferential,voluntaries share their location ,,,,,"spatio-temporal-velocity distribution of recorded data; calculatation of crowd density; modelling/infer walking speed of pedestrians based on the crowd density (scatterplot, histogram, linear regression, residual analysis)",density surface maps (heatmaps),basic mapping,no
p57,#Earthquake: Twitter as a Distributed Sensor System,2013,Transactions in GIS,journal,,http://onlinelibrary.wiley.com/doi/10.1111/j.1467-9671.2012.01359.x/abstract,weak,,application-centric,crisis management (detection and prediction),variables estimation,natural harzards,2011 Mineral Earthquake,decision makers,Twitter,,yes,crowdsourcing ‘Did You Feel It?’ (DYFI) website of the U.S. Geological Survey,exploratory,api,,,,,,"Response pattern as function of distance from epicenter over time (histogram, etc.)",basic mapping,yes
p58,Inferring the Location of Twitter Messages Based on User Relationships,2011,Transactions in GIS,journal,,http://onlinelibrary.wiley.com/doi/10.1111/j.1467-9671.2011.01297.x/abstract,weak,,data-centric,data contextualization,reasoning on location,man-made events,Fewer outbreaks,emergency managers,Twitter,,no,,exploratory,api,"Compare precision and recall using different types of Twitter location (GeoIP, GPS, locaiton of one's followers)",,geo-parsing ,,,,,no
p59,Geo-parsing Messages from Microtext,2011,Transactions in GIS,journal,,http://onlinelibrary.wiley.com/doi/10.1111/j.1467-9671.2011.01294.x/abstract,strong,,data-centric,data preparation,location selection and classification,natural harzards,2011 New Zealand Christchurch earthquake ,NA,Twitter,,no,,exploratory,api,manual annotation of location to create a gold standard (training set),automated annotation of location using Name Entity Recognition and geo-referencing services,"geo-parsing, i.e.  use of geo-referencing services",,,,basic mapping,no
p60,Inferring social ties from geographic coincidences,2011,PNAS,journal,computer science; privacy; probabilistic models; social networks,http://www.pnas.org/content/early/2010/12/02/1006155107.full.pdf,medium,,data-centric,data preparation,location selection and classification,NA,NA,NA,Flickr,geo-taggged photos,no,,inferential,api,,,geo-parsing,,,,,no
p60,Inferring social ties from geographic coincidences,2011,PNAS,journal,computer science; privacy; probabilistic models; social networks,http://www.pnas.org/content/early/2010/12/02/1006155107.full.pdf,medium,,human-centric,human activities,people colocation,NA,NA,NA,Flickr,geo-taggged photos,no,,inferential,api,,,,SNA - link analysis,Probabilistic models,,,no
p61,Bridging the gap between physical location and online social networks,2011,International conference on Ubiquitous Computing,conference,location sensing; location tracking; social network analysis; social computing; human-computer interaction,http://reports-archive.adm.cs.cmu.edu/anon/isr2010/CMU-ISR-10-107.pdf,strong,,human-centric,human activities,people colocation,man-made events,Pittsburgh  city,NA,Loccacino,user location traces ,no,,inferential,,,,,SNA structure properties; co-location metrics; link analysis,model for predicting friendship between two users by analyzing their location trails,,,no
p62,Leveraging Explicitly Disclosed Location Information to Understand Tourist Dynamics: A Case Study,2008,Journal of Location-based Services,journal,spatio-temporal data analysis; geovisualization; location-discloure; location-based services,http://www.girardin.org/fabien/publications/girardin_dalfiore_ratti_blat_jlbs_final_pre_editing.pdf,strong,,human-centric,human activities,daily life activities habits,man-made events,province of Florence,local authorities; tourism agencies,Flickr,geo-taggged information from EXIF mentadata embedded in photo files,no,,exploratory,api,,,,SNA - link analysis,,,geovisualizations for heatmaps and spatio-temporal flow animations,no
p62,Leveraging Explicitly Disclosed Location Information to Understand Tourist Dynamics: A Case Study,2008,Journal of Location-based Services,journal,spatio-temporal data analysis; geovisualization; location-discloure; location-based services,http://www.girardin.org/fabien/publications/girardin_dalfiore_ratti_blat_jlbs_final_pre_editing.pdf,strong,,human-centric,human mobility,mobility patterns,man-made events,province of Florence,local authorities; tourism agencies,Flickr,geo-taggged information from EXIF mentadata embedded in photo files,no,,exploratory,api,,,,,,spatiotemporal inbound and outbound flow of tourists (concentration and movement patterns) ,geovisualizations for heatmaps and spatio-temporal flow animations,no
p63,Exploring place through user-generated content: using Flickr tags to describe city cores,2010,Journal of Spatial Information Science,journal,user-generated content; city core; vernacular geography; gazetteers; georeferenced; tagging; Flickr,http://www.josis.org/index.php/josis/article/viewArticle/13,strong,,data-centric,data preparation,topic classification,man-made events,largest cities ,NA,Flickr,geo-tagged photos,no,,exploratory,api,,tags popularity,,,,,Density surface maps of spatial tags distributions,no
p63,Exploring place through user-generated content: using Flickr tags to describe city cores,2010,Journal of Spatial Information Science,journal,user-generated content; city core; vernacular geography; gazetteers; georeferenced; tagging; Flickr,http://www.josis.org/index.php/josis/article/viewArticle/13,strong,,human-centric,human (spatial) perceptions,learning on places,man-made events,largest cities ,NA,Flickr,geo-tagged photos,no,,exploratory,api,,,,,descriptive statistics,analysys and mapping place tags to derive region boundaries,Density surface maps of spatial tags distributions,no
p64,Road-based travel recommendation using geo-tagged images,2014,"Computers, Environment and Urban Systems",journal,volunteered geographic information; travel recommendation; routing planning; spatial data mining; semantic routing,http://www.sciencedirect.com/science/article/pii/S0198971513000677,strong,,data-centric,data preparation,topic classification,man-made events,"Munich, Germany",NA,Flickr,geo-taggged photos,no,,exploratory,api,,classifications and clustering,lanmark ranking by calculating tourism popularity of the road in terms of number of users and POIs; classifiers,,,,basic mapping,no
p64,Road-based travel recommendation using geo-tagged images,2014,"Computers, Environment and Urban Systems",journal,volunteered geographic information; travel recommendation; routing planning; spatial data mining; semantic routing,http://www.sciencedirect.com/science/article/pii/S0198971513000677,strong,,human-centric,human mobility,travel recommendations,man-made events,"Munich, Germany",NA,Flickr,geo-taggged photos,no,,exploratory,api,,,,,,spatial clustering method  (landmark identification); routing recommendation system (Dijkstra's algorithm),basic mapping,no
p65,the structure of spatial networks and communities in bicycle sharing systems,2013,PLOS One,journal,,http://www.plosone.org/article/info%3Adoi%2F10.1371%2Fjournal.pone.0074685,strong,,human-centric,human mobility,mobility patterns,man-made events,largest cities ,NA,NA,,yes,open government data,exploratory,,manual filtering (See annex of paper),,,SNA structure; SNA graph analysis (community detection) ,descriptive statistics (histogram),spatial routing (routino tool); spatial proximity analysis,geo-visualization of bike flow animations,no
p66,Using social media to find places of interest: a case study,2012,International workshop on Crowsourced and Volunteered Geographic Information,conference,social media; geographic information retrieval; detecting places of interest,http://www.linkedcubes.com/pdf/GEOCROWD2012_StevenVanCanneyt.pdf,strong,,human-centric,human (spatial) perceptions,learning on places,man-made events,London city,NA,Twitter; Flickr,,yes,Training data from LinkedGeoData and Geonames,exploratory,api,,SVN classifiers,geo-parsing; ranking location,,,,,no
p67,Geosocial gauge: a system prototype for knowledge discovery from social media,2013,International Journal of Geographical Information Science,journal,social media; geosocial analysis; social network analysis; event monitoring; system architecture,http://www.tandfonline.com/doi/abs/10.1080/13658816.2013.825724#.U7-RY_l_tUU,strong,,human-centric,human relations,community formation,natural harzards and man-made events,natural disasters; protests events (riots),NA,Twitter; Flickr,,no,,exploratory,api,,,,"SNA structure (popular contributors, bridge nodes); network visualizations",,geosocial media data model,basic mapping,no
p70,Automated geographic context analysis for volunteered information,2013,Applied Geography,journal,volunteered geographic information; social media; spatial data infrastructures; spatio-temporal clustering; geographic context analysis,http://www.sciencedirect.com/science/article/pii/S0143622813001185,strong,VGI contextualization,data-centric,data preparation,topic selection and classification,man-made events,forest fires,response agencies,Twitter; Flickr,,yes,EFFIS hotspot data; EMM; CORINE data; MODIS data,exploratory,api,manual geo-coding evaluation,topic detencion; classification; clustering ,,,,spatio-temporal clustering,basic mapping,yes
p70,Automated geographic context analysis for volunteered information,2013,Applied Geography,journal,volunteered geographic information; social media; spatial data infrastructures; spatio-temporal clustering; geographic context analysis,http://www.sciencedirect.com/science/article/pii/S0143622813001185,strong,VGI contextualization,data-centric,data preparation,location selection,man-made events,forest fires,response agencies,Twitter; Flickr,,yes,EFFIS hotspot data; EMM; CORINE data; MODIS data,exploratory,api,,,geo-parsing,,,spatio-temporal clustering,basic mapping,yes
p70,Automated geographic context analysis for volunteered information,2013,Applied Geography,journal,volunteered geographic information; social media; spatial data infrastructures; spatio-temporal clustering; geographic context analysis,http://www.sciencedirect.com/science/article/pii/S0143622813001185,strong,VGI contextualization,data-centric,data contextualization,context enrichment,man-made events,forest fires,response agencies,Twitter; Flickr,,yes,EFFIS hotspot data; EMM; CORINE data; MODIS data,exploratory,api,,,combination of social and official data to produce relevant actionable information ,,,spatio-temporal clustering,basic mapping,yes
p70,Automated geographic context analysis for volunteered information,2013,Applied Geography,journal,volunteered geographic information; social media; spatial data infrastructures; spatio-temporal clustering; geographic context analysis,http://www.sciencedirect.com/science/article/pii/S0143622813001185,strong,VGI contextualization,data-centric,data quality,comparison with official data,man-made events,forest fires,response agencies,Twitter; Flickr,,yes,EFFIS hotspot data; EMM; CORINE data; MODIS data,exploratory,api,,,geo-context scoring,,,spatio-temporal clustering,basic mapping,yes
p71,Thematic Patterns in Georeferenced Tweets through Space-Time Visual Analytics,2013,Computing in Science and Engineering,journal,georeferencing; scientific computing; visual analytics,http://ieeexplore.ieee.org/xpl/articleDetails.jsp?reload=true&arnumber=6550013,strong,,data-centric,data preparation,topic selection and classification,man-made events,Seattle city,city planners,Twitter,,yes,US Census (population density),exploratory,api,distinguish manually between locals and visitors tweets,topic detection; classifiers; word frequency; clustering,,,,,basic mapping; tagcloud visualization,no
p71,Thematic Patterns in Georeferenced Tweets through Space-Time Visual Analytics,2013,Computing in Science and Engineering,journal,georeferencing; scientific computing; visual analytics,http://ieeexplore.ieee.org/xpl/articleDetails.jsp?reload=true&arnumber=6550013,strong,,human-centric,human activities,daily life activities habits,man-made events,Seattle city,city planners,Twitter,,yes,US Census (population density),exploratory,api,distinguish manually between locals and visitors tweets,,,,,spatio-temporal cluster; spatio-temporal distances; voronoi calculation,basic mapping; tagcloud visualization,no
p72,Nearby Friend Alert: Location Anonymity in Mobile Geo-Social Networks,2013,IEEE Pervasive Computing,journal,,http://ieeexplore.ieee.org/stamp/stamp.jsp?tp=&arnumber=6392162,weak,,data-centric,data policies,privacy,NA,NA,NA,GPS data from mobile phone,user location traces ,no,,exploratory,,,,,,,geo-fence service that notifies user when a friend is in close proximity to her; Manhanttan distance,,no
p73,Finding and assessing social media information sources in the context of journalism,2012,International conference on Human Factors in Computing Systems,conference,"computational journalism; social media; news events 
",http://dl.acm.org/citation.cfm?id=2208409,medium,,data-centric,data preparation,topic selection and classification,man-made events,protests event (riots),journalists,Twitter,,no,,exploratory,api,,Named Entity Recognition; word frequency; classifiers,,,,,basic mapping,yes
p73,Finding and assessing social media information sources in the context of journalism,2012,International conference on Human Factors in Computing Systems,conference,"computational journalism; social media; news events 
",http://dl.acm.org/citation.cfm?id=2208409,medium,,data-centric,data contextualization,reasoning on location,man-made events,protests event (riots),journalists,Twitter,,no,,exploratory,api,,,geo-parsing; aggregate location information from one's friend network to identify the most prevalent location of an user,,,,basic mapping,yes
p73,Finding and assessing social media information sources in the context of journalism,2012,International conference on Human Factors in Computing Systems,conference,"computational journalism; social media; news events 
",http://dl.acm.org/citation.cfm?id=2208409,medium,,data-centric,data quality,actionable information,man-made events,protests event (riots),journalists,Twitter,,no,,exploratory,api,,,,,,Proximity to an event and user’s aggregate location are key aspect to verify social media sources,basic mapping,yes
p74,Describing place through user generated content,2011,First Monday,journal,,http://journals.uic.edu/ojs/index.php/fm/article/view/3710/3035,strong,,data-centric,data preparation,topic selection and classification,NA,NA,NA,Flickr; Geograph,geo-taggged photos,no,,exploratory,api,,word frequency; classifiers,,,,,basic mapping,no
p74,Describing place through user generated content,2011,First Monday,journal,,http://journals.uic.edu/ojs/index.php/fm/article/view/3710/3035,strong,,data-centric,data preparation,location selection,NA,NA,NA,Flickr; Geograph,geo-taggged photos,no,,exploratory,api,,,Named Entity Recognition (place descriptions),,,,basic mapping,no
p74,Describing place through user generated content,2011,First Monday,journal,,http://journals.uic.edu/ojs/index.php/fm/article/view/3710/3035,strong,,data-centric,data contextualization,reasoning on location,NA,NA,NA,Flickr; Geograph,geo-taggged photos,no,,exploratory,api,,,,,exploring descriptions of place via histograms and spatial treemaps of co–occurrence of terms ,map-based semantic and spatial co–occurrence  of the most frequent term,basic mapping,no
p75,Spatial Computing and Social Media in the Context of Disaster Management,2012,IEEE Intelligent Systems,journal,,http://ieeexplore.ieee.org/stamp/stamp.jsp?tp=&arnumber=6365203&tag=1,strong,"unique challenges like cloud, privacy, data integration",data-centric,data preparation,topic selection and classification,natural harzards and man-made events,natural disasters; protests events,emergency managers,Mutiple social media sources  (MMS messages; Web portals; blogs; Twitter; Facebook),,no,,exploratory,api (subscription system),,disambiguate event types,,,,,,yes
p75,Spatial Computing and Social Media in the Context of Disaster Management,2012,IEEE Intelligent Systems,journal,,http://ieeexplore.ieee.org/stamp/stamp.jsp?tp=&arnumber=6365203&tag=1,strong,"unique challenges like cloud, privacy, data integration",data-centric,data preparation,location selection,natural harzards and man-made events,natural disasters; protests events,emergency managers,Mutiple social media sources (MMS messages; Web portals; blogs; Twitter; Facebook),,no,,exploratory,api (subscription system),,,geospatial reasoning to automatically extract and characterize the event in both space and time,,,,,yes
p75,Spatial Computing and Social Media in the Context of Disaster Management,2012,IEEE Intelligent Systems,journal,,http://ieeexplore.ieee.org/stamp/stamp.jsp?tp=&arnumber=6365203&tag=1,strong,"unique challenges like cloud, privacy, data integration",data-centric,data policies,privacy,natural harzards and man-made events,natural disasters; protests events,emergency managers,Mutiple social media sources  (MMS messages; Web portals; blogs; Twitter; Facebook),,no,,exploratory,api (subscription system),,,,,,,,yes
p75,Spatial Computing and Social Media in the Context of Disaster Management,2012,IEEE Intelligent Systems,journal,,http://ieeexplore.ieee.org/stamp/stamp.jsp?tp=&arnumber=6365203&tag=1,strong,"unique challenges like cloud, privacy, data integration",application-centric,crisis management (detection and prediction),real-time alerting,natural harzards and man-made events,natural disasters; protests events,emergency managers,Mutiple social media sources (MMS messages; Web portals; blogs; Twitter; Facebook),,no,,exploratory,api (subscription system),,,,,,,,yes
p76,Tweeting Up a Storm: The Promise and Perils of Crisis Mapping,2013,Photometric Engineering & Remote Sensing,journal,,http://es.scribd.com/doc/174769846/Tweeting-Up-a-Storm-The-Promise-and-Perils-of-Crisis-Mapping,weak,,data-centric,data policies,legal and ethics,natural harzards and man-made events,crisis events,NA,NA,,no,,methodological,,,,,,,,,no
p77,Web 2.0 geotagged photos: Assessing the spatial dimension of the phenomenon,2010,"Geomatica: The Journal of Geospatial Information Science, Technology and Practice",journal,,http://www.researchgate.net/publication/235044899_Web_2.0_geotagged_photos_Assessing_the_spatial_dimension_of_the_phenomenon/file/e0b49514b687a6ae05.pdf,strong,really interesting from the spatial statistics point of view,data-centric,data quality,credible information,man-made events,UK,NA,Mutiple social media sources (Flickr; Panoramio; Picasa Web; Geograph),geo-tagged photos,yes,base datasets  from OS; population data,exploratory,api,,,,,"descriptive statistics (e.g. mean, etc.); calculation of expectation surfaces using the chi-statistic (surface that both relates to the intensity of a phenomenon and to the location of people); analysis",Spatial distribution; spatial clustering; kernel density,basic mapping,no
p78,The Geospatial Characteristics of a Social Movement Communication Network,2013,PLOS One,journal,geographic conversations; geographic distribution; social communication,http://www.plosone.org/article/info%3Adoi%2F10.1371%2Fjournal.pone.0055957,weak,,data-centric,data preparation,location selection and classification,man-made events,protests event (Occupy Wal Street),NA,Twitter,,no,,exploratory,api,,,geo-parsing; classification (geographic profiles),,,,basic mapping,no
p78,The Geospatial Characteristics of a Social Movement Communication Network,2013,PLOS One,journal,geographic conversations; geographic distribution; social communication,http://www.plosone.org/article/info%3Adoi%2F10.1371%2Fjournal.pone.0055957,weak,,application-centric,crisis management (coordination and organization),communication networks,man-made events,protests event (Occupy Wal Street),NA,Twitter,,no,,exploratory,api,,,,SNA network analysis (geographic concentration),connectivity matrices (exploratory graphs),,basic mapping,no
p79,Rating crowdsourced annotations: evaluating contributions of variable quality and completeness,2014,International Journal of Digital Earth,journal,volunteered geographic information; accuracy; error,http://eprints.nottingham.ac.uk/2448/,weak,,data-centric,data quality,rating quality and completeness of data,natural harzards,2012 Haiti earthquake,NA,NA,,yes,several mapping agencies,exploratory,,,,,,latent class model (observe the patterns of class allocations made by contributions),,,no
p80,GeoScope: Online Detection of Geo-Correlated Information Trends in Social Networks,2013,Proceedings of VLDB Endowment,journal,,http://www.vldb.org/pvldb/vol7/p229-budak.pdf,strong,,application-centric,crisis management (monitoring),event-relevant extraction,man-made events,largest cities ,emergency managers,Twitter,,no,,exploratory,api,,,,,exploratory graphs,geoScope algorithm; density surface maps (heatmaps),basic mapping,yes
p81,Studying commuting behaviours using collaborative visual analytics,2014,"Computers, Environment and Urban Systems",journal,collaborative visual analytics; bycivle share schemes; commuting behaviour,http://www.sciencedirect.com/science/article/pii/S0198971513001014,strong,,human-centric,human mobility,commuting behabiours,man-made events,London city,urban planers,London Cycle Hire Scheme,,yes,"demographics, census",exploratory,,,,,,descriptive statistics,weighted mean-centres calculation; spatial k-means clustering; kernel density-estimation method,sophisticated mapping; visual analytics,no
